{"query": "index.php?id=", "results": {"Ask": [{"text": "This site uses session cookies to store temporary values to prevent people from \ncopying and pasting the session ID to someone else exposing their account,\u00a0...", "host": "cacert.org", "link": "http://www.cacert.org/index.php?id=4", "title": "Net Cafe Login - Welcome to CAcert.org"}, {"text": "... copying and pasting the session ID to someone else exposing their account, ... \npeople rely on us knowing about the identity of the users of our certificates.", "host": "cacert.org", "link": "http://www.cacert.org/index.php?id=1", "title": "Join CAcert.org - Welcome to CAcert.org"}, {"text": "Newsletter Archive. Spring 2011 (pdf format); Winter 2010/2011 (pdf format); \nAutumn 2010 (pdf format); Summer 2010 (pdf format); Spring 2010 (pdf format)\u00a0...", "host": "monitoringris.org", "link": "http://www.monitoringris.org/index.php?id=30", "title": "Newsletter Archive - Mainstreaming Ageing"}, {"text": "Your ID-card, digi-ID and mobile-ID. Most important things all together. How to \nget started? Introduction to the world of ID-card and digi-ID. You need to update\u00a0...", "host": "id.ee", "link": "https://www.id.ee/index.php?id=30470", "title": "Frontpage > ID-CARD > ID.ee"}, {"text": "MaxEva is an interactive web tool that guides you in the evaluation and collection \nof monitoring data of mobility management projects. MaxEva automatically\u00a0...", "host": "epomm.eu", "link": "http://www.epomm.eu/maxeva/index.php?id=1", "title": "MaxEva - The EPOMM Evaluation Tool"}, {"text": "Policy Briefs \u00b7 Active Ageing Index \u00b7 Generations and Gender \u00b7 About GGP \u00b7 GGP \nManagement \u00b7 GGP Council of Partners (IWG) \u00b7 Methodological documents\u00a0...", "host": "unece.org", "link": "http://www.unece.org/index.php?id=30027", "title": "Active Ageing and Quality of Life in Old Age - - Population - UNECE"}, {"text": "/index.php?id=194&L=1. Your shopping basket. Please sign in to access your \npersonal shopping basket. 0 \u20ac. order@laboshop.com. +49 (97 08) 90 92 30.", "host": "laboshop.com", "link": "https://www.laboshop.com/index.php?id=5&L=1", "title": "SHOP - LABOSHOP"}, {"text": "About Us \u00b7 About C-ITS \u00b7 News & Events \u00b7 Documents \u00b7 Membership \u00b7 Services \u00b7 \nPress & Media. Service. Imprint \u00b7 Contact \u00b7 Privacy \u00b7 Search \u00b7 Login \u00b7 Logo\u00a0...", "host": "car-2-car.org", "link": "https://www.car-2-car.org/service/login/", "title": "Login - CAR 2 CAR Communication Consortium"}, {"text": "Home \u00b7 > Contact \u00b7 > Login. >> About ECQA; >> History; >> Vision and Goals; >> \nECQA GmbH; >> Members; >> Knowledge Base; >> Certified Job Roles\u00a0...", "host": "ecqa.org", "link": "http://www.ecqa.org/index.php?id=22", "title": "Exam Registration & Login - ECQA.org"}, {"text": "", "host": "avrdc.org", "link": "http://www.avrdc.org/index.php?id=10", "title": "World Vegetable Center Postharvest Information"}, {"text": "... 1948 | Fax +32 (0)2 546 1934 | eufores@eufores.org. Company Nr.: 0807.928.\n341 | VAT Nr.: BE 0807.928.341. ID EU Transparency Register: 96507906043-80\n.", "host": "eufores.org", "link": "http://www.eufores.org/index.php?id=131", "title": "Login Parliamentary Intranet - EUFORES: Login"}, {"text": "4 Feb 2020 ... Precipitation SPI 3 value \u00b7 Soil Moisture Index \u00b7 fAPAR Anomaly \u00b7 Generate \nanimated GIF \u00b7 REFERENCE DATA \u00b7 Factsheets \u00b7 Drought Metadata\u00a0...", "host": "edo.jrc.ec.europa.eu", "link": "https://edo.jrc.ec.europa.eu/edov2/php/index.php?id=1111", "title": "Geographic MapViewer - European Drought Observatory - JRC ..."}, {"text": "Operational Considerations for Managing COVID-19 Cases and Outbreaks in \nAviation. (ADVANCED VERSION 1.01 - 16th April 2020). Under the International\n\u00a0...", "host": "extranet.who.int", "link": "https://extranet.who.int/hslp/training/course/view.php?id=328", "title": "In Aviation - WHO/OMS: Extranet Systems"}, {"text": "", "host": "opcalia.com", "link": "https://www.opcalia.com/index.php?id=61", "title": "Opcalia Propret\u00e9"}, {"text": "Tools; A-Z Index \u00b7 All Reports & Publications \u00b7 Data Tools, Apps, and Maps \u00b7 EIA \nSurvey Forms \u00b7 EIA Beta. Policies; Privacy/Security \u00b7 Copyright & Reuse\u00a0...", "host": "eia.gov", "link": "https://www.eia.gov/tools/glossary/index.php?id=D", "title": "Glossary - U.S. Energy Information Administration (EIA)"}, {"text": "", "host": "ccbe.eu", "link": "https://www.ccbe.eu/index.php?id=12&L=0", "title": "Le site Internet du Conseil des Barreaux de la Communaut\u00e9 ... - CCBE"}, {"text": "... Maps for Colorado, Rio Grande, and Arkansas Rivers \u00b7 Palmer Drought Index \nMap \u00b7 Explanation of the Palmer Drought Index. GeneralHistoryConstructionPlan\n\u00a0...", "host": "usbr.gov", "link": "https://www.usbr.gov/projects/index.php?id=424", "title": "Scofield Project - Bureau of Reclamation"}, {"text": "+++IMPORTANT ANNOUNCEMENT+++. Not unexpected but with a heavy heart \nand much regret, the EMIM 2020 needs to go full virtual! We are all aware that a\u00a0...", "host": "e-smi.eu", "link": "http://www.e-smi.eu/index.php?id=1976", "title": "EMIM 2020 | virtual - European Society for Molecular Imaging"}, {"text": "", "host": "npg.org.uk", "link": "https://www.npg.org.uk/index.php?id=9112", "title": "BP Portrait Award 2012 - National Portrait Gallery"}, {"text": "Username, : *(Max: 12 character & lowercase only). Password, : *(8 to 32 \ncharacters). Confirm Password, : *(8 to 32 characters). eMail, : Image Verification", "host": "ssm-einfo.my", "link": "https://www.ssm-einfo.my/index.php?id=register", "title": "SSM e-Info"}, {"text": "", "host": "gib.gov.tr", "link": "https://www.gib.gov.tr/index.php?id=469", "title": "Turkish Tax System - Gelir \u0130daresi Ba\u015fkanl\u0131\u011f\u0131"}, {"text": "Choose an authentication method. Remember login service. Public. Partner. \nEmployee. Library \u00b7 Schedule. You are currently using guest access (Log in).", "host": "training.fortinet.com", "link": "https://training.fortinet.com/login/index.php", "title": "Fortinet NSE Institute: Log in to the site"}, {"text": "Berkeley Recycling Programs. Drop-off \u00b7 Buyback \u00b7 Accounts \u00b7 Materials \nPreparation.", "host": "berkeleyrecycling.org", "link": "http://berkeleyrecycling.org/page.php?id=1", "title": "Programs - Berkeley Recycling"}, {"text": "Genetic testing - Health professionals - Network for test development, \nharmonization, validation and standardization of services in human genetics.", "host": "eurogentest.org", "link": "http://www.eurogentest.org/index.php?id=668", "title": "Clinical Utility Gene Cards - EuroGentest"}, {"text": "Read \"Moving Mainstream: The European Alternative Finance Benchmarking \nReport\" by the Cambridge Centre for Alternative Finance.", "host": "jbs.cam.ac.uk", "link": "https://www.jbs.cam.ac.uk/index.php?id=6481", "title": "Moving Mainstream: Cambridge Judge Business School"}, {"text": "Home \u00bb Patients and visitors \u00bb Coronavirus guidance. Coronavirus guidance. For \ninformation about changes to specific services, please use our A-Z of services\u00a0...", "host": "rbch.nhs.uk", "link": "https://www.rbch.nhs.uk/index.php?id=2839", "title": "Coronavirus guidance - RBCH"}, {"text": "The Bureau de Coop\u00e9ration Interuniversitaire (BCI - formerly known as CREPUQ\n) is an organisation comprising Qu\u00e9bec's 18 universities. It coordinates student\u00a0...", "host": "en.unistra.fr", "link": "https://en.unistra.fr/index.php?id=21778", "title": "Qu\u00e9bec (BCI) - University of Strasbourg"}, {"text": "", "host": "chronoplus.eu", "link": "https://www.chronoplus.eu/index.php?id=162", "title": "Toutes les informations ici - Chronoplus"}, {"text": "PLIERS - KNIPEX, the leading pliers specialist - High Performance Pliers with \ncomplete Online-Catalogue, Pliers-ABC!", "host": "knipex.com", "link": "https://www.knipex.com/index.php?id=1216&page=group_detail&groupID=1500", "title": "Pliers Wrenches - KNIPEX - The Pliers Company. - Products"}, {"text": "eJzcvddCI7uyAHp/wP9gk6PdOZDBYJIJQ2aIBgx4MLbHYYXzcL/\n9Vkkd1epuOcze59y19mZBd7VC\u00a0...", "host": "efbw.org", "link": "https://www.efbw.org/index.php?id=90", "title": "Key statistics - EFBW"}, {"text": "Call our toll free number 114. If you believe to have had close contact with a \nconfirmed case or contact with someone currently being evaluated for COVID-19,\n\u00a0...", "host": "moh.gov.rw", "link": "https://moh.gov.rw/index.php?id=575", "title": "COVID-19 - Ministry of Health"}, {"text": "PRACTICING TOGETHER. Welcome to Practicing Together! Play Video. Related \ncontentRelated content. Share VideoShare Video. Playing on. Subtitles.", "host": "webcast.dzogchen.net", "link": "https://webcast.dzogchen.net/index.php?id=practicing-together-html5", "title": "PRACTICING TOGETHER \u2014 International Dzogchen Community ..."}, {"text": "index.php?id=1/*uni X on*/union/*sel X ect*/select+1,2,3/*. The given example \nworks in case of cleaning of dangerous traffic, not in case of blocking the entire\u00a0...", "host": "owasp.org", "link": "https://owasp.org/www-community/attacks/SQL_Injection_Bypassing_WAF", "title": "SQL Injection Bypassing WAF Software Attack | OWASP Foundation"}, {"text": "", "host": "polimi.it", "link": "https://www.polimi.it/index.php?id=5782", "title": "Ulteriori informazioni su questo evento\u2026 - Polimi"}, {"text": "... Hrvatski \u200e(hr)\u200e, \u02bb\u014clelo Hawai\u02bbi \u200e(haw)\u200e, Igbo \u200e(ig)\u200e, Indonesian \u200e(id)\u200e, isiZulu \u200e(zu)\u200e, \n\u00cdslenska \u200e(is)\u200e, Italiano \u200e(it)\u200e, Kalaallisut \u200e(kl)\u200e, Kinyarwanda \u200e(rw)\u200e, Kiswahili \u200e(sw)\u00a0...", "host": "moodle.org", "link": "https://moodle.org/mod/forum/index.php?id=5", "title": "Moodle in English: Forums"}, {"text": "The Constitution of Kenya, 2010. We, the people of Kenya\u2014. Acknowledging the \nsupremacy of the Almighty God of all creation: Honouring those who heroically\u00a0...", "host": "kenyalaw.org", "link": "http://kenyalaw.org/kl/index.php?id=398", "title": "The Constitution of Kenya - Kenya Law"}, {"text": "Contenuto. ERGO welcomes you! We are very happy that you have chosen to \nstudy in Emilia Romagna! Our Region is, since the year dot, one with the most\u00a0...", "host": "er-go.it", "link": "https://www.er-go.it/index.php?id=5963", "title": "ENGLISH - ER.GO"}, {"text": "Search TheFA.com. Coaching \u00b7 Interviews \u00b7 Courses Courses. Back. Courses \u00b7 \nFootball \u00b7 Goalkeeping \u00b7 Futsal \u00b7 Talent ID \u00b7 Medical \u00b7 Safeguarding \u00b7 Disability \u00b7 \nPE.", "host": "thefa.com", "link": "http://www.thefa.com/learning/courses", "title": "FA Coaching Courses and Levels | The Boot Room"}, {"text": "The use of glass cabinets in this kitchen creates a beautiful aqua feel to this \ncontemporary kitchen. The couple have small children and were worried that \nthere\u00a0...", "host": "mcstone.co.uk", "link": "http://www.mcstone.co.uk/kitchens.php?id=11", "title": "Kitchen Glass Cabinets | Kitchen Cabinet Makers - MC Stone Kitchens"}, {"text": "Sprints -, 50m, 55m, 60m, 100m, 200m, 300m, 400m. - Hurdles -, 50M Hurdles, \n55M Hurdles, 60M Hurdles, Short Hurdles, Long Hurdles, Steeple Chase.", "host": "mastersathletics.net", "link": "http://www.mastersathletics.net/index.php?id=2595", "title": "Age-Graded Calculator - Masters Athletics"}, {"text": "... have been published by Eurachem. They can be downloaded from the \nEurachem website under: https://www.eurachem.org/index.php/publications/\nguides\u00a0...", "host": "euramet.org", "link": "https://www.euramet.org/publications-media-centre/calibration-guidelines/", "title": "Calibration Guidelines - EURAMET"}, {"text": "Am Testzentrum sind leider schon alle Pl\u00e4tze belegt, bitte melden Sie sich an \neinem benachbarten Testzentrum an. Am Testzentrum k\u00f6nnen Sie den TestDaF\n\u00a0...", "host": "testdaf.de", "link": "https://www.testdaf.de/index.php?id=182", "title": "Testzentren weltweit - TestDaF Institut"}, {"text": "5 Dec 2019 ... METRO and TRAM Network Map. Open full screen to view more. STASY. \nCollapse map legend. Map details. Copy map. Zoom to viewport.", "host": "stasy.gr", "link": "http://www.stasy.gr/index.php?id=33&L=1", "title": "Urban Rail Transport SA :METRO and TRAM Network Map"}, {"text": "International activity. International activity of the Vladimir State University is one of \nthe priority areas and aims at providing greater integration and cooperation\u00a0...", "host": "vlsu.ru", "link": "https://www.vlsu.ru/index.php?id=183", "title": "VlSU"}, {"text": "British Humanities Index. Log on with readers ticket \u00b7 Log on with Library PC \nCredo Reference. Logon using your reader's ticket \u00b7 Logon if you are using a \nLibrary\u00a0...", "host": "library.wales", "link": "https://www.library.wales/discover/other-resources/external-resources", "title": "External Resources | The National Library of Wales"}, {"text": "", "host": "arcep.fr", "link": "https://www.arcep.fr/index.php?id=1", "title": "Telekommunikationsregulator - Arcep"}, {"text": "", "host": "phsalzburg.at", "link": "https://www.phsalzburg.at/index.php?id=329", "title": "information - PH Salzburg"}, {"text": "Welcome to the NIHR Identity Gateway. Email Address: Create Account Help \nReset Password. Password: Remember me on this computer. Create Account \nHelp\u00a0...", "host": "learn.nihr.ac.uk", "link": "https://learn.nihr.ac.uk/", "title": "Identity Gateway"}, {"text": "Efficiency in production, effectiveness in management. School of Production \nEngineering and Management. Slide background. Exploring the possibilities.", "host": "tuc.gr", "link": "https://www.tuc.gr/index.php?id=5397", "title": "Home: Technical University of Crete"}, {"text": "", "host": "bundesgesundheitsministerium.de", "link": "https://www.bundesgesundheitsministerium.de/index.php?id=646", "title": "Pflege - Bundesgesundheitsministerium"}, {"text": "PHP version. $hashids = new Hashids\\Hashids('this is my salt'); $id = $hashids->\nencode(1, 2, 3); $numbers = $hashids->decode($id);. github repo \u00b7 download.", "host": "hashids.org", "link": "https://hashids.org/php/", "title": "PHP - Hashids"}, {"text": "PHPIDS (PHP-Intrusion Detection System) is a simple to use, well structured, fast \nand ... \"192.168.0.200\",2008-06-04T17:36:08+02:00,54,\"xss csrf id rfe lfi\"\u00a0...", "host": "howtoforge.com", "link": "https://www.howtoforge.com/intrusion-detection-for-php-applications-with-phpids", "title": "Intrusion Detection For PHP Applications With PHPIDS - HowtoForge"}, {"text": "PHPIDS (PHP-Intrusion Detection System) is a simple to use, well structured, fast \nand state-of-the-art security layer for your PHP based web application\u00a0...", "host": "github.com", "link": "https://github.com/PHPIDS/PHPIDS", "title": "PHPIDS/PHPIDS: PHPIDS (PHP-Intrusion Detection ... - GitHub"}]}}